{
    "loss": 3.1756179332733154,
    "accuracy": 0.6653268933296204
}