{
    "loss": 11.646096229553223,
    "accuracy": 0.5093783736228943
}