{
    "loss": 8.37484073638916,
    "accuracy": 0.534030020236969
}