{
    "loss": 8.016993522644043,
    "accuracy": 0.6208467483520508
}