{
    "loss": 12.009108543395996,
    "accuracy": 0.48928189277648926
}